article_id,apa,sort_key,year,journal,hypotheses
Aggarwal2012,"Aggarwal, R., Cao, J., & Chen, F. (2012). Information Environment, Dividend Changes, and Signaling: Evidence from ADR Firms. *Contemporary Accounting Research*, *29*(2), 403–431.","aggarwal, r., cao, j., & chen, f.2012",2012,Contemporary Accounting Research,3
Ahearne2016,"Ahearne, M. J., Boichuk, J. P., Chapman, C. J., & Steenburgh, T. J. (2016). Real Earnings Management in Sales. *Journal of Accounting Research*, *54*(5), 1233–1266.","ahearne, m. j., boichuk, j. p., chapman, c. j., & steenburgh, t. j.2016",2016,Journal of Accounting Research,3
Ahmed2013,"Ahmed, A. S., Neel, M., & Wang, D. (2013). Does Mandatory Adoption of IFRS Improve Accounting Quality? Preliminary Evidence. *Contemporary Accounting Research*, *30*(4), 1344–1372.","ahmed, a. s., neel, m., & wang, d.2013",2013,Contemporary Accounting Research,1
Akins2017,"Akins, B., Dou, Y., & Ng, J. (2017). Corruption in bank lending: The role of timely loan loss recognition. *Journal of Accounting and Economics*, *63*(2-3), 454–478.","akins, b., dou, y., & ng, j.2017",2017,Journal of Accounting and Economics,3
Alford1993,"Alford, A., Jones, J., Leftwich, R., & Zmijewski, M. (1993). The Relative Informativeness of Accounting Disclosures in Different Countries. *Journal of Accounting Research*, *31*, 183.","alford, a., jones, j., leftwich, r., & zmijewski, m.1993",1993,Journal of Accounting Research,3
Amir1993a,"Amir, E., Harris, T. S., & Venuti, E. K. (1993). A Comparison of the Value-Relevance of U.S. Versus Non-U.S. GAAP Accounting Measures Using Form 20-F Reconciliations. *Journal of Accounting Research*, *31*, 230–264.","amir, e., harris, t. s., & venuti, e. k.1993",1993,Journal of Accounting Research,1
Amiram2016,"Amiram, D., & Frank, M. M. (2016). Foreign portfolio investment and shareholder dividend taxes. *The Accounting Review*, *91*(3), 717–740.","amiram, d., & frank, m. m.2016",2016,The Accounting Review,1
Amiram2019,"Amiram, D., Bauer, A. M., & Frank, M. M. (2019). Tax avoidance at public corporations driven by shareholder taxes: Evidence from changes in dividend tax policy. *The Accounting Review*, *94*(5), 27–55.","amiram, d., bauer, a. m., & frank, m. m.2019",2019,The Accounting Review,1
Andries2017,"Andries, K., Gallemore, J., & Jacob, M. (2017). The effect of corporate taxation on bank transparency: Evidence from loan loss provisions. *Journal of Accounting and Economics*, *63*(2-3), 307–328.","andries, k., gallemore, j., & jacob, m.2017",2017,Journal of Accounting and Economics,7
Aobdia2017,"Aobdia, D., & Shroff, N. (2017). Regulatory oversight and auditor market share. *Journal of Accounting and Economics*, *63*(2-3), 262–287.","aobdia, d., & shroff, n.2017",2017,Journal of Accounting and Economics,1
Armstrong2010,"Armstrong, C. S., Barth, M. E., Jagolinzer, A. D., & Riedl, E. J. (2010). Market reaction to the adoption of IFRS in Europe. *The Accounting Review*, *85*(1), 31–61.","armstrong, c. s., barth, m. e., jagolinzer, a. d., & riedl, e. j.2010",2010,The Accounting Review,2
Arping2013,"Arping, S., & Sautner, Z. (2013). Did SOX Section 404 Make Firms Less Opaque? Evidence from Cross-Listed Firms. *Contemporary Accounting Research*, *30*(3), 1133–1165.","arping, s., & sautner, z.2013",2013,Contemporary Accounting Research,2
Ashbaugh2001,"Ashbaugh, H., & Pincus, M. (2001). Domestic accounting standards, international accounting standards, and the predictability of earnings. *Journal of Accounting Research*, *39*(3), 417–434.","ashbaugh, h., & pincus, m.2001",2001,Journal of Accounting Research,2
Asness2019,"Asness, C. S., Frazzini, A., & Pedersen, L. H. (2019). Quality minus junk. *Review of Accounting Studies*, *24*, 34–112.","asness, c. s., frazzini, a., & pedersen, l. h.2019",2019,Review of Accounting Studies,3
Atwood2019,"Atwood, T. J., & Lewellen, C. (2019). The Complementarity between Tax Avoidance and Manager Diversion: Evidence from Tax Haven Firms. *Contemporary Accounting Research*, *36*(1), 259–294.","atwood, t. j., & lewellen, c.2019",2019,Contemporary Accounting Research,6
Atwood2010,"Atwood, T. J., Drake, M. S., & Myers, L. A. (2010). Book-tax conformity, earnings persistence and the association between earnings and future cash flows. *Journal of Accounting and Economics*, *50*(1), 111–125.","atwood, t. j., drake, m. s., & myers, l. a.2010",2010,Journal of Accounting and Economics,1
Atwood2012a,"Atwood, T. J., Drake, M. S., Myers, J. N., & Myers, L. A. (2012). Home country tax system characteristics and corporate tax avoidance: International evidence. *The Accounting Review*, *87*(6), 1831–1860.","atwood, t. j., drake, m. s., myers, j. n., & myers, l. a.2012",2012,The Accounting Review,3
Bae2008b,"Bae, K.-H., Tan, H., & Welker, M. (2008). International GAAP Differences: The Impact on Foreign Analysts. *The Accounting Review*, *83*(3), 593–628.","bae, k.-h., tan, h., & welker, m.2008",2008,The Accounting Review,2
Balakrishnan2019a,"Balakrishnan, K., & Ertan, A. (2019). Bank asset transparency and credit supply. *Review of Accounting Studies*, *24*(4), 1359–1391.","balakrishnan, k., & ertan, a.2019",2019,Review of Accounting Studies,4
Balakrishnan2021,"Balakrishnan, K., De George, E. T., Ertan, A., & Scobie, H. (2021). Economic consequences of mandatory auditor reporting to bank regulators. *Journal of Accounting and Economics*, *72*(2-3), 101431.","balakrishnan, k., de george, e. t., ertan, a., & scobie, h.2021",2021,Journal of Accounting and Economics,1
Balakrishnan2019,"Balakrishnan, K., Vashishtha, R., & Verrecchia, R. E. (2019). Foreign competition for shares and the pricing of information asymmetry: Evidence from equity market liberalization. *Journal of Accounting and Economics*, *67*(1), 80–97.","balakrishnan, k., vashishtha, r., & verrecchia, r. e.2019",2019,Journal of Accounting and Economics,1
Ball2018,"Ball, R. T., Hail, L., & Vasvari, F. P. (2018). Equity cross-listings in the U.S. and the price of debt. *Review of Accounting Studies*, *23*(2), 385–421.","ball, r. t., hail, l., & vasvari, f. p.2018",2018,Review of Accounting Studies,1
Ball2015,"Ball, R., Li, X., & Shivakumar, L. (2015). Contractibility and Transparency of Financial Statement Information Prepared Under IFRS: Evidence from Debt Contracts Around IFRS Adoption. *Journal of Accounting Research*, *53*(5), 915–963.","ball, r., li, x., & shivakumar, l.2015",2015,Journal of Accounting Research,1
Ball2008,"Ball, R., Robin, A., & Sadka, G. (2008). Is financial reporting shaped by equity markets or by debt markets? An international study of timeliness and conservatism. *Review of Accounting Studies*, *13*(2-3), 168–205.","ball, r., robin, a., & sadka, g.2008",2008,Review of Accounting Studies,4
Banker2013,"Banker, R. D., Byzalov, D., & Chen, L. T. (2013). Employment protection legislation, adjustment costs and cross-country differences in cost behavior. *Journal of Accounting and Economics*, *55*(1), 111–127.","banker, r. d., byzalov, d., & chen, l. t.2013",2013,Journal of Accounting and Economics,1
Barniv2010,"Barniv, R., Hope, O.-K., Myring, M. J., & Thomas, W. B. (2010). International Evidence on Analyst Stock Recommendations, Valuations, and Returns. *Contemporary Accounting Research*, *27*(4), 1131–1167.","barniv, r., hope, o.-k., myring, m. j., & thomas, w. b.2010",2010,Contemporary Accounting Research,5
Barniv2005,"Barniv, R., Myring, M. J., & Thomas, W. B. (2005). The Association between the Legal and Financial Reporting Environments and Forecast Performance of Individual Analysts. *Contemporary Accounting Research*, *22*(4), 727–758.","barniv, r., myring, m. j., & thomas, w. b.2005",2005,Contemporary Accounting Research,2
Barrios2022,"Barrios, J. M., Bianchi, P. A., Isidro, H., & Nanda, D. (2022). Boards of a Feather: Homophily in Foreign Director Appointments Around the World. *Journal of Accounting Research*, *60*(4), 1293–1335.","barrios, j. m., bianchi, p. a., isidro, h., & nanda, d.2022",2022,Journal of Accounting Research,1
Barth2008,"Barth, M. E., Landsman, W. R., & Lang, M. H. (2008). International accounting standards and accounting quality. *Journal of Accounting Research*, *46*(3), 467–498.","barth, m. e., landsman, w. r., & lang, m. h.2008",2008,Journal of Accounting Research,1
Barth2012,"Barth, M. E., Landsman, W. R., Lang, M. H., & Williams, C. D. (2012). Are IFRS-based and US GAAP-based accounting amounts comparable? *Journal of Accounting and Economics*, *54*(1), 68–93.","barth, m. e., landsman, w. r., lang, m. h., & williams, c. d.2012",2012,Journal of Accounting and Economics,1
Ben-Nasr2012,"Ben-Nasr, H., Boubakri, N., & Cosset, J. C. (2012). The Political Determinants of the Cost of Equity: Evidence from Newly Privatized Firms. *Journal of Accounting Research*, *50*(3), 605–646.","ben-nasr, h., boubakri, n., & cosset, j. c.2012",2012,Journal of Accounting Research,5
Beuselinck2019,"Beuselinck, C., Cascino, S., Deloof, M., & Vanstraelen, A. (2019). Earnings management within multinational corporations. *The Accounting Review*, *94*(4), 45–76.","beuselinck, c., cascino, s., deloof, m., & vanstraelen, a.2019",2019,The Accounting Review,8
Beuselinck2015,"Beuselinck, C., Deloof, M., & Vanstraelen, A. (2015). Cross-jurisdictional income shifting and tax enforcement: evidence from public versus private multinationals. *Review of Accounting Studies*, *20*(2), 710–746.","beuselinck, c., deloof, m., & vanstraelen, a.2015",2015,Review of Accounting Studies,3
Bhattacharya2003,"Bhattacharya, U., Daouk, H., & Welker, M. (2003). The World Price of Earnings Opacity. *The Accounting Review*, *78*(3), 641–678.","bhattacharya, u., daouk, h., & welker, m.2003",2003,The Accounting Review,3
Bilinski2022,"Bilinski, P., & Bradshaw, M. T. (2022). Analyst Dividend Forecasts and Their Usefulness to Investors. *The Accounting Review*, *97*(4), 75–104.","bilinski, p., & bradshaw, m. t.2022",2022,The Accounting Review,2
Bilinski2013,"Bilinski, P., Lyssimachou, D., & Walker, M. (2013). Target price accuracy: International evidence. *The Accounting Review*, *88*(3), 825–851.","bilinski, p., lyssimachou, d., & walker, m.2013",2013,The Accounting Review,7
Bischof2013,"Bischof, J., & Daske, H. (2013). Mandatory disclosure, voluntary disclosure, and stock market liquidity: Evidence from the EU bank stress tests. *Journal of Accounting Research*, *51*(5), 997–1029.","bischof, j., & daske, h.2013",2013,Journal of Accounting Research,3
Bischof2022,"Bischof, J., Daske, H., Elfers, F., & Hail, L. (2022). A Tale of Two Supervisors: Compliance with Risk Disclosure Regulation in the Banking Sector. *Contemporary Accounting Research*, *39*(1), 498–536.","bischof, j., daske, h., elfers, f., & hail, l.2022",2022,Contemporary Accounting Research,1
Blaylock2015,"Blaylock, B., Gaertner, F., & Shevlin, T. (2015). The association between book-tax conformity and earnings management. *Review of Accounting Studies*, *20*(1), 141–172.","blaylock, b., gaertner, f., & shevlin, t.2015",2015,Review of Accounting Studies,1
Bloomfield2017,"Bloomfield, M. J., Br\""Uggemann, U., Christensen, H. B., & Leuz, C. (2017). The Effect of Regulatory Harmonization on Cross-Border Labor Migration: Evidence from the Accounting Profession. *Journal of Accounting Research*, *55*(1), 35–78.","bloomfield, m. j., br\""uggemann, u., christensen, h. b., & leuz, c.2017",2017,Journal of Accounting Research,1
Blouin2009,"Blouin, J. L., Hail, L., & Yetman, M. H. (2009). Capital gains taxes, pricing spreads, and arbitrage: Evidence from cross-listed firms in the U.S. *The Accounting Review*, *84*(5), 1321–1361.","blouin, j. l., hail, l., & yetman, m. h.2009",2009,The Accounting Review,2
Blouin2018,"Blouin, J. L., Robinson, L. A., & Seidman, J. K. (2018). Conflicting Transfer Pricing Incentives and the Role of Coordination. *Contemporary Accounting Research*, *35*(1), 87–116.","blouin, j. l., robinson, l. a., & seidman, j. k.2018",2018,Contemporary Accounting Research,3
Bonacchi2019,"Bonacchi, M., Marra, A., & Zarowin, P. (2019). Organizational structure and earnings quality of private and public firms. *Review of Accounting Studies*, *24*(3), 1066–1113.","bonacchi, m., marra, a., & zarowin, p.2019",2019,Review of Accounting Studies,3
Bonetti2020,"Bonetti, P., Duro, M., & Ormazabal, G. (2020). Disclosure Regulation and Corporate Acquisitions. *Journal of Accounting Research*, *58*(1), 55–103.","bonetti, p., duro, m., & ormazabal, g.2020",2020,Journal of Accounting Research,1
Boulton2022,"Boulton, T. J., Braga‐Alves, M. V., & Chakrabarty, B. (2022). The Effect of Reporting Opacity on Trading Opacity: New Evidence from American Depositary Receipt Trades in Dark Pools. *Contemporary Accounting Research*, *39*(4), 2758–2789.","boulton, t. j., braga‐alves, m. v., & chakrabarty, b.2022",2022,Contemporary Accounting Research,1
Boulton2011,"Boulton, T. J., Smart, S. B., & Zutter, C. J. (2011). Earnings quality and international IPO underpricing. *The Accounting Review*, *86*(2), 483–505.","boulton, t. j., smart, s. b., & zutter, c. j.2011",2011,The Accounting Review,1
Bourveau2022,"Bourveau, T., De George, E. T., Ellahie, A., & Macciocchi, D. (2022). The Role of Disclosure and Information Intermediaries in an Unregulated Capital Market: Evidence from Initial Coin Offerings. *Journal of Accounting Research*, *60*(1), 129–167.","bourveau, t., de george, e. t., ellahie, a., & macciocchi, d.2022",2022,Journal of Accounting Research,3
Bradley2021,"Bradley, S., Robinson, L. A., & Ruf, M. (2021). The impact of IP box regimes on the M&A market. *Journal of Accounting and Economics*, *72*(2-3), 101448.","bradley, s., robinson, l. a., & ruf, m.2021",2021,Journal of Accounting and Economics,3
Bradshaw2004,"Bradshaw, M. T., Bushee, B. J., & Miller, G. S. (2004). Accounting choice, home bias, and U.S. investment in non-U.S. firms. *Journal of Accounting Research*, *42*(5), 795–841.","bradshaw, m. t., bushee, b. j., & miller, g. s.2004",2004,Journal of Accounting Research,2
Bradshaw2019,"Bradshaw, M. T., Huang, A. G., & Tan, H. (2019). The Effects of Analyst-Country Institutions on Biased Research: Evidence from Target Prices. *Journal of Accounting Research*, *57*(1), 85–120.","bradshaw, m. t., huang, a. g., & tan, h.2019",2019,Journal of Accounting Research,2
Breuer2021,"Breuer, M. (2021). How Does Financial-Reporting Regulation Affect Industry-Wide Resource Allocation? *Journal of Accounting Research*, *59*(1), 59–110.","breuer, m.2021",2021,Journal of Accounting Research,1
Brochet2019,"Brochet, F., Miller, G. S., Naranjo, P., & Yu, G. (2019). Managers' Cultural Background and Disclosure Attributes. *The Accounting Review*, *94*(3), 57–86.","brochet, f., miller, g. s., naranjo, p., & yu, g.2019",2019,The Accounting Review,4
Brochet2016,"Brochet, F., Naranjo, P., & Yu, G. (2016). The Capital Market Consequences of Language Barriers in the Conference Calls of Non-U.S. Firms. *The Accounting Review*, *91*(4), 1023–1049.","brochet, f., naranjo, p., & yu, g.2016",2016,The Accounting Review,3
Bronson2017,"Bronson, S. N., Ghosh, A. A., & Hogan, C. E. (2017). Audit Fee Differential, Audit Effort, and Litigation Risk: An Examination of ADR Firms. *Contemporary Accounting Research*, *34*(1), 83–117.","bronson, s. n., ghosh, a. a., & hogan, c. e.2017",2017,Contemporary Accounting Research,2
Brown2016,"Brown, A. B. (2016). Institutional Differences and International Private Debt Markets: A Test Using Mandatory IFRS Adoption. *Journal of Accounting Research*, *54*(3), 679–723.","brown, a. b.2016",2016,Journal of Accounting Research,5
Bushman2012,"Bushman, R. M., & Williams, C. D. (2012). Accounting discretion, loan loss provisioning, and discipline of Banks' risk-taking. *Journal of Accounting and Economics*, *54*(1), 1–18.","bushman, r. m., & williams, c. d.2012",2012,Journal of Accounting and Economics,1
Bushman2004,"Bushman, R. M., Piotroski, J. D., & Smith, A. J. (2004). What Determines Corporate Transparency? *Journal of Accounting Research*, *42*(2), 207–252.","bushman, r. m., piotroski, j. d., & smith, a. j.2004",2004,Journal of Accounting Research,4
Byard2011,"Byard, D., Li, Y., & Yu, Y. (2011). The Effect of Mandatory IFRS Adoption on Financial Analysts' Information Environment. *Journal of Accounting Research*, *49*(1), 69–96.","byard, d., li, y., & yu, y.2011",2011,Journal of Accounting Research,3
Carson2009,"Carson, E. (2009). Industry specialization by global audit firm networks. *The Accounting Review*, *84*(2), 355–382.","carson, e.2009",2009,The Accounting Review,1
Cascino2015,"Cascino, S., & Gassen, J. (2015). What drives the comparability effect of mandatory IFRS adoption? *Review of Accounting Studies*, *20*(1), 242–282.","cascino, s., & gassen, j.2015",2015,Review of Accounting Studies,4
Chan1996a,"Chan, K. C., & Seow, G. S. (1996). The association between stock returns and foreign GAAP earnings versus earnings adjusted to U.S. GAAP. *Journal of Accounting and Economics*, *21*(1), 139–158.","chan, k. c., & seow, g. s.1996",1996,Journal of Accounting and Economics,1
Chaney2011,"Chaney, P. K., Faccio, M., & Parsley, D. (2011). The quality of accounting information in politically connected firms. *Journal of Accounting and Economics*, *51*(1-2), 58–76.","chaney, p. k., faccio, m., & parsley, d.2011",2011,Journal of Accounting and Economics,1
Chattopadhyay2022,"Chattopadhyay, A., Lyle, M. R., & Wang, C. C.Y. (2022). Expected Stock Returns Worldwide: A Log-Linear Present-Value Approach. *The Accounting Review*, *97*(1), 107–133.","chattopadhyay, a., lyle, m. r., & wang, c. c.y.2022",2022,The Accounting Review,1
Chen2022,"Chen, B., & Conaway, J. K. (2022). Do U.S. Investors Value Foreign Component Auditors? *Journal of Accounting Research*, *60*(3), 805–851.","chen, b., & conaway, j. k.2022",2022,Journal of Accounting Research,1
Chen2013,"Chen, C., Young, D., & Zhuang, Z. (2013). Externalities of mandatory IFRS adoption: Evidence from cross-border spillover effects of financial information on investment efficiency. *The Accounting Review*, *88*(3), 881–914.","chen, c., young, d., & zhuang, z.2013",2013,The Accounting Review,2
Chen2015,"Chen, C.-Y., Chen, P. F., & Jin, Q. (2015). Economic Freedom, Investment Flexibility, and Equity Value. *The Accounting Review*, *90*(5), 1839–1870.","chen, c.-y., chen, p. f., & jin, q.2015",2015,The Accounting Review,7
Chen2011,"Chen, F., Hope, O.-K., Li, Q., & Wang, X. (2011). Financial reporting quality and investment efficiency of private firms in emerging markets. *The Accounting Review*, *86*(4), 1255–1288.","chen, f., hope, o.-k., li, q., & wang, x.2011",2011,The Accounting Review,3
Chen2018,"Chen, F., Hope, O.-K., Li, Q., & Wang, X. (2018). Flight to Quality in International Markets: Investors' Demand for Financial Reporting Quality during Political Uncertainty Events. *Contemporary Accounting Research*, *35*(1), 117–155.","chen, f., hope, o.-k., li, q., & wang, x.2018",2018,Contemporary Accounting Research,4
Chen2008,"Chen, L. H., & Sami, H. (2008). Trading Volume Reaction to the Earnings Reconciliation from IAS to U. S. GAAP. *Contemporary Accounting Research*, *25*(1), 15–53.","chen, l. h., & sami, h.2008",2008,Contemporary Accounting Research,1
Chen2013a,"Chen, L. H., & Sami, H. (2013). The Impact of Firm Characteristics on Trading Volume Reaction to the Earnings Reconciliation from IFRS to U.S. GAAP. *Contemporary Accounting Research*, *30*(2), 697–718.","chen, l. h., & sami, h.2013",2013,Contemporary Accounting Research,4
Chen2015a,"Chen, L., Ng, J., & Tsang, A. (2015). The Effect of Mandatory IFRS Adoption on International Cross-Listings. *The Accounting Review*, *90*(4), 1395–1435.","chen, l., ng, j., & tsang, a.2015",2015,The Accounting Review,3
Chen2022a,"Chen, R., Ghoul, S. E., Guedhami, O., Wang, H., & Yang, Y. (2022). Corporate Governance and Tax Avoidance: Evidence from U.S. Cross-Listing. *The Accounting Review*, *97*(7), 49–78.","chen, r., ghoul, s. e., guedhami, o., wang, h., & yang, y.2022",2022,The Accounting Review,3
Choi2018,"Choi, A., Choi, J., & Sohn, B. C. (2018). The Joint Effect of Audit Quality and Legal Regimes on the Use of Real Earnings Management: International Evidence. *Contemporary Accounting Research*, *35*(4), 2225–2257.","choi, a., choi, j., & sohn, b. c.2018",2018,Contemporary Accounting Research,2
Choi1973,"Choi, F. D. S. (1973). Financial Disclosure and Entry to the European Capital Market. *Journal of Accounting Research*, *11*(2), 159–175.","choi, f. d. s.1973",1973,Journal of Accounting Research,1
Choi2007,"Choi, J.-H., & Wong, T. J. (2007). Auditors' Governance Functions and Legal Environments: An International Investigation. *Contemporary Accounting Research*, *24*(1), 13–46.","choi, j.-h., & wong, t. j.2007",2007,Contemporary Accounting Research,3
Choi2008,"Choi, J.-H., Kim, J.-B., Liu, X., & Simunic, D. A. (2008). Audit Pricing, Legal Liability Regimes, and Big 4 Premiums: Theory and Cross-country Evidence. *Contemporary Accounting Research*, *25*(1), 55–99.","choi, j.-h., kim, j.-b., liu, x., & simunic, d. a.2008",2008,Contemporary Accounting Research,3
Christensen2022,"Christensen, B. E., Lei, L., Shu, S. Q., & Thomas, W. B. (2022). Does audit regulation improve the underlying information used by managers? Evidence from PCAOB inspection access and management forecast accuracy. *Accounting, Organizations and Society*, *106*, Article 101403.","christensen, b. e., lei, l., shu, s. q., & thomas, w. b.2022",2022,"Accounting, Organizations and Society",1
Christensen2013,"Christensen, H. B., Hail, L., & Leuz, C. (2013). Mandatory IFRS reporting and changes in enforcement. *Journal of Accounting and Economics*, *56*(2-3), 147–177.","christensen, h. b., hail, l., & leuz, c.2013",2013,Journal of Accounting and Economics,2
Christensen2022a,"Christensen, H. B., Maffett, M., & Rauter, T. (2022). Policeman for the World: The Impact of Extraterritorial FCPA Enforcement on Foreign Investment and Internal Controls. *The Accounting Review*, *97*(5), 189–219.","christensen, h. b., maffett, m., & rauter, t.2022",2022,The Accounting Review,1
Christensen2019,"Christensen, H. B., Maffett, M., & Vollon, L. (2019). Securities regulation, household equity ownership, and trust in the stock market. *Review of Accounting Studies*, *24*(3), 824–859.","christensen, h. b., maffett, m., & vollon, l.2019",2019,Review of Accounting Studies,3
Chue2015,"Chue, T. K. (2015). Understanding Cross-Country Differences in Valuation Ratios: A Variance Decomposition Approach. *Contemporary Accounting Research*, *32*(4), 1617–1640.","chue, t. k.2015",2015,Contemporary Accounting Research,3
Collins1997a,"Collins, J. H., & Shackelford, D. A. (1997). Global organizations and taxes: An analysis of the dividend, interest, royalty, and management fee payments between U.S. multinationals' foreign affiliates. *Journal of Accounting and Economics*, *24*(2), 151–173.","collins, j. h., & shackelford, d. a.1997",1997,Journal of Accounting and Economics,4
Conaway2022,"Conaway, J. K. (2022). Has Global Financial Reporting Comparability Improved? *Contemporary Accounting Research*, *39*(4), 2825–2860.","conaway, j. k.2022",2022,Contemporary Accounting Research,2
Covrig2007,"Covrig, V. M., DeFond, M. L., & Hung, M. (2007). Home bias, foreign mutual fund holdings, and the voluntary adoption of international accounting standards. *Journal of Accounting Research*, *45*(1), 41–70.","covrig, v. m., defond, m. l., & hung, m.2007",2007,Journal of Accounting Research,1
Curtis2015,"Curtis, A., Lewis-Western, M. F., & Toynbee, S. (2015). Historical cost measurement and the use of DuPont analysis by market participants. *Review of Accounting Studies*, *20*(3), 1210–1245.","curtis, a., lewis-western, m. f., & toynbee, s.2015",2015,Review of Accounting Studies,3
Daske2008,"Daske, H., Hail, L., Leuz, C., & Verdi, R. S. (2008). Mandatory IFRS reporting around the world: Early evidence on the economic consequences. *Journal of Accounting Research*, *46*(5), 1085–1142.","daske, h., hail, l., leuz, c., & verdi, r. s.2008",2008,Journal of Accounting Research,2
Daske2013,"Daske, H., Hail, L., Leuz, C., & Verdi, R. S. (2013). Adopting a Label: Heterogeneity in the Economic Consequences Around IAS/IFRS Adoptions. *Journal of Accounting Research*, *51*(3), 495–547.","daske, h., hail, l., leuz, c., & verdi, r. s.2013",2013,Journal of Accounting Research,6
DeSimone2022a,"De Simone, L., & Olbert, M. (2022). Real Effects of Private Country-by-Country Disclosure. *The Accounting Review*, *97*(6), 201–232.","de simone, l., & olbert, m.2022",2022,The Accounting Review,3
DeSimone2020a,"De Simone, L., Huang, J. J., & Krull, L. (2020). R\&D and the rising foreign profitability of U.S. multinational corporations. *The Accounting Review*, *95*(3), 177–204.","de simone, l., huang, j. j., & krull, l.2020",2020,The Accounting Review,2
DeSimone2017,"De Simone, L., Klassen, K. J., & Seidman, J. K. (2017). Unprofitable Affiliates and Income Shifting Behavior. *The Accounting Review*, *92*(3), 113–136.","de simone, l., klassen, k. j., & seidman, j. k.2017",2017,The Accounting Review,1
DeSimone2022,"De Simone, L., Klassen, K. J., & Seidman, J. K. (2022). The effect of income-shifting aggressiveness on corporate investment. *Journal of Accounting and Economics*, *74*(1), 101491.","de simone, l., klassen, k. j., & seidman, j. k.2022",2022,Journal of Accounting and Economics,1
DeSimone2020,"De Simone, L., Lester, R., & Markle, K. S. (2020). Transparency and Tax Evasion: Evidence from the Foreign Account Tax Compliance Act (FATCA). *Journal of Accounting Research*, *58*(1), 105–153.","de simone, l., lester, r., & markle, k. s.2020",2020,Journal of Accounting Research,1
DeSimone2016,"De Simone, L. (2016). Does a common set of accounting standards affect tax-motivated income shifting for multinational firms? *Journal of Accounting and Economics*, *61*(1), 145–165.","de simone, l.2016",2016,Journal of Accounting and Economics,1
Defond2007,"DeFond, M. L., & Hung, M. (2007). Investor protection and analysts' cash flow forecasts around the world. *Review of Accounting Studies*, *12*(2-3), 377–419.","defond, m. l., & hung, m.2007",2007,Review of Accounting Studies,1
DeFond2020,"DeFond, M. L., Hu, J., Hung, M., & Li, S. (2020). The effect of fair value accounting on the performance evaluation role of earnings. *Journal of Accounting and Economics*, *70*(2-3), 101341.","defond, m. l., hu, j., hung, m., & li, s.2020",2020,Journal of Accounting and Economics,1
DeFond2007,"DeFond, M. L., Hung, M., & Trezevant, R. (2007). Investor protection and the information content of annual earnings announcements: International evidence. *Journal of Accounting and Economics*, *43*(1), 37–67.","defond, m. l., hung, m., & trezevant, r.2007",2007,Journal of Accounting and Economics,4
Demmer2019,"Demmer, M., Pronobis, P., & Yohn, T. L. (2019). Mandatory IFRS adoption and analyst forecast accuracy: the role of financial statement-based forecasts and analyst characteristics. *Review of Accounting Studies*, *24*(3), 1022–1065.","demmer, m., pronobis, p., & yohn, t. l.2019",2019,Review of Accounting Studies,3
Deng2020,"Deng, Z. (2020). Foreign Exchange Risk, Hedging, and Tax-Motivated Outbound Income Shifting. *Journal of Accounting Research*, *58*(4), 953–987.","deng, z.2020",2020,Journal of Accounting Research,2
Denis2013,"Denis, D. J., & Xu, J. (2013). Insider trading restrictions and top executive compensation. *Journal of Accounting and Economics*, *56*(1), 91–112.","denis, d. j., & xu, j.2013",2013,Journal of Accounting and Economics,1
Dhaliwal2019,"Dhaliwal, D. S., He, W., Li, Y., & Pereira, R. (2019). Accounting Standards Harmonization and Financial Integration. *Contemporary Accounting Research*, *36*(4), 2437–2466.","dhaliwal, d. s., he, w., li, y., & pereira, r.2019",2019,Contemporary Accounting Research,2
Dhaliwal2012,"Dhaliwal, D. S., Radhakrishnan, S., Tsang, A., & Yang, Y. G. (2012). Nonfinancial disclosure and analyst forecast accuracy: International evidence on corporate social responsibility disclosure. *The Accounting Review*, *87*(3), 723–759.","dhaliwal, d. s., radhakrishnan, s., tsang, a., & yang, y. g.2012",2012,The Accounting Review,3
Docimo2021,"Docimo, W. M., Gunn, J. L., Li, C., & Michas, P. N. (2021). Do Foreign Component Auditors Harm Financial Reporting Quality? A Subsidiary‐Level Analysis of Foreign Component Auditor Use. *Contemporary Accounting Research*, *38*(4), 3113–3145.","docimo, w. m., gunn, j. l., li, c., & michas, p. n.2021",2021,Contemporary Accounting Research,1
Dou2016,"Dou, P., Truong, C., & Veeraraghavan, M. (2016). Individualism, Uncertainty Avoidance, and Earnings Momentum in International Markets. *Contemporary Accounting Research*, *33*(2), 851–881.","dou, p., truong, c., & veeraraghavan, m.2016",2016,Contemporary Accounting Research,2
Dou2013,"Dou, Y., Hope, O.-K., & Thomas, W. B. (2013). Relationship-specificity, contract enforceability, and income smoothing. *The Accounting Review*, *88*(5), 1629–1656.","dou, y., hope, o.-k., & thomas, w. b.2013",2013,The Accounting Review,2
Downar2018,"Downar, B., Ernstberger, J., & Link, B. (2018). The Monitoring Effect of More Frequent Disclosure. *Contemporary Accounting Research*, *35*(4), 2058–2081.","downar, b., ernstberger, j., & link, b.2018",2018,Contemporary Accounting Research,1
Dyreng2009,"Dyreng, S. D., & Lindsey, B. P. (2009). Using financial accounting data to examine the effect of foreign operations located in tax havens and other countries on U.S. multinational firms' Tax rates. *Journal of Accounting Research*, *47*(5), 1283–1316.","dyreng, s. d., & lindsey, b. p.2009",2009,Journal of Accounting Research,2
Dyreng2012,"Dyreng, S. D., Hanlon, M., & Maydew, E. L. (2012). Where do firms manage earnings? *Review of Accounting Studies*, *17*(3), 649–687.","dyreng, s. d., hanlon, m., & maydew, e. l.2012",2012,Review of Accounting Studies,2
Dyreng2015,"Dyreng, S. D., Lindsey, B. P., Markle, K. S., & Shackelford, D. A. (2015). The effect of tax and nontax country characteristics on the global equity supply chains of U.S. multinationals. *Journal of Accounting and Economics*, *59*(2-3), 182–202.","dyreng, s. d., lindsey, b. p., markle, k. s., & shackelford, d. a.2015",2015,Journal of Accounting and Economics,3
Edwards2016,"Edwards, A., Kravet, T., & Wilson, R. (2016). Trapped Cash and the Profitability of Foreign Acquisitions. *Contemporary Accounting Research*, *33*(1), 44–77.","edwards, a., kravet, t., & wilson, r.2016",2016,Contemporary Accounting Research,2
Ege2020,"Ege, M. S., Kim, Y. H., & Wang, D. (2020). Do global audit firm networks apply consistent audit methodologies across jurisdictions? Evidence from financial reporting comparability. *The Accounting Review*, *95*(6), 151–179.","ege, m. s., kim, y. h., & wang, d.2020",2020,The Accounting Review,3
Ege2021,"Ege, M. S., Kim, Y. H., & Wang, D. (2021). Do PCAOB Inspections of Foreign Auditors Affect Global Financial Reporting Comparability? *Contemporary Accounting Research*, *38*(4), 2659–2690.","ege, m. s., kim, y. h., & wang, d.2021",2021,Contemporary Accounting Research,1
ElGhoul2016,"El Ghoul, S., Guedhami, O., & Pittman, J. A. (2016). Cross-country evidence on the importance of Big Four auditors to equity pricing: The mediating role of legal institutions. *Accounting, Organizations and Society*, *54*, 60–81.","el ghoul, s., guedhami, o., & pittman, j. a.2016",2016,"Accounting, Organizations and Society",4
ElGhoul2021,"El Ghoul, S., Guedhami, O., Kim, Y., & Yoon, H. J. (2021). Policy uncertainty and accounting quality. *The Accounting Review*, *96*(4), 233–260.","el ghoul, s., guedhami, o., kim, y., & yoon, h. j.2021",2021,The Accounting Review,1
ElGhoul2016a,"El Ghoul, S., Guedhami, O., Pittman, J. A., & Rizeanu, S. (2016). Cross-Country Evidence on the Importance of Auditor Choice to Corporate Debt Maturity. *Contemporary Accounting Research*, *33*(2), 718–751.","el ghoul, s., guedhami, o., pittman, j. a., & rizeanu, s.2016",2016,Contemporary Accounting Research,2
Elemes2021,"Elemes, A., Blaylock, B., & Spence, C. (2021). Tax-motivated profit shifting in big 4 networks: Evidence from Europe. *Accounting, Organizations and Society*, *95*, Article 101267.","elemes, a., blaylock, b., & spence, c.2021",2021,"Accounting, Organizations and Society",2
Ellahie2021,"Ellahie, A., & Kaplan, Z. (2021). Show Me the Money! Dividend Policy in Countries with Weak Institutions. *Journal of Accounting Research*, *59*(2), 613–655.","ellahie, a., & kaplan, z.2021",2021,Journal of Accounting Research,2
Ernstberger2017,"Ernstberger, J., Link, B., Stic, M., & Vogler, O. (2017). The Real Effects of Mandatory Quarterly Reporting. *The Accounting Review*, *92*(5), 33–60.","ernstberger, j., link, b., stic, m., & vogler, o.2017",2017,The Accounting Review,4
Evans2015,"Evans, M. E., Houston, R. W., Peters, M. F., & Pratt, J. H. (2015). Reporting Regulatory Environments and Earnings Management. *The Accounting Review*, *90*(5), 1969–1994.","evans, m. e., houston, r. w., peters, m. f., & pratt, j. h.2015",2015,The Accounting Review,2
Fang2020,"Fang, B., Hope, O.-K., Huang, Z., & Moldovan, R. (2020). The effects of MiFID II on sell-side analysts, buy-side analysts, and firms. *Review of Accounting Studies*, *25*(3), 855–902.","fang, b., hope, o.-k., huang, z., & moldovan, r.2020",2020,Review of Accounting Studies,4
Fang2015a,"Fang, V. W., Maffett, M., & Zhang, B. (2015). Foreign Institutional Ownership and the Global Convergence of Financial Reporting Practices. *Journal of Accounting Research*, *53*(3), 593–631.","fang, v. w., maffett, m., & zhang, b.2015",2015,Journal of Accounting Research,1
Fiechter2017,"Fiechter, P., & Novotny-Farkas, Z. (2017). The impact of the institutional environment on the value relevance of fair values. *Review of Accounting Studies*, *22*(1), 392–429.","fiechter, p., & novotny-farkas, z.2017",2017,Review of Accounting Studies,2
Fiechter2022,"Fiechter, P., Hitz, J. M., & Lehmann, N. (2022). Real Effects of a Widespread CSR Reporting Mandate: Evidence from the European Union's CSR Directive. *Journal of Accounting Research*, *60*(4), 1499–1549.","fiechter, p., hitz, j. m., & lehmann, n.2022",2022,Journal of Accounting Research,4
Fiechter2017a,"Fiechter, P., Landsman, W. R., Peasnell, K., & Renders, A. (2017). The IFRS option to reclassify financial assets out of fair value in 2008: the roles played by regulatory capital and too-important-to-fail status. *Review of Accounting Studies*, *22*(4), 1698–1731.","fiechter, p., landsman, w. r., peasnell, k., & renders, a.2017",2017,Review of Accounting Studies,1
Firk2019,"Firk, S., Schmidt, T., & Wolff, M. (2019). Exploring Value‐Based Management Sophistication: The Role of Potential Economic Benefits and Institutional Influence. *Contemporary Accounting Research*, *36*(1), 418–450.","firk, s., schmidt, t., & wolff, m.2019",2019,Contemporary Accounting Research,4
Florou2015,"Florou, A., & Kosi, U. (2015). Does mandatory IFRS adoption facilitate debt financing? *Review of Accounting Studies*, *20*(4), 1407–1456.","florou, a., & kosi, u.2015",2015,Review of Accounting Studies,1
Florou2012,"Florou, A., & Pope, P. F. (2012). Mandatory IFRS adoption and institutional investment decisions. *The Accounting Review*, *87*(6), 1993–2025.","florou, a., & pope, p. f.2012",2012,The Accounting Review,1
Francis2008,"Francis, J. R., & Wang, D. (2008). The Joint Effect of Investor Protection and Big 4 Audits on Earnings Quality around the World. *Contemporary Accounting Research*, *25*(1), 157–91.","francis, j. r., & wang, d.2008",2008,Contemporary Accounting Research,2
Francis2016,"Francis, J. R., Huang, S. X., & Khurana, I. K. (2016). The Role of Similar Accounting Standards in Cross-Border Mergers and Acquisitions. *Contemporary Accounting Research*, *33*(3), 1298–1330.","francis, j. r., huang, s. x., & khurana, i. k.2016",2016,Contemporary Accounting Research,2
Francis2009,"Francis, J. R., Huang, S. X., Khurana, I. K., & Pereira, R. (2009). Does Corporate Transparency Contribute to Efficient Resource Allocation. *Journal of Accounting Research*, *47*(4), 943–989.","francis, j. r., huang, s. x., khurana, i. k., & pereira, r.2009",2009,Journal of Accounting Research,1
Francis2005,"Francis, J. R., Khurana, I. K., & Pereira, R. (2005). Disclosure Incentives and Effects on Cost of Capital around the World. *The Accounting Review*, *80*(4), 1125–1162.","francis, j. r., khurana, i. k., & pereira, r.2005",2005,The Accounting Review,2
Francis2011,"Francis, J. R., Khurana, I. K., Martin, X., & Pereira, R. (2011). The Relative Importance of Firm Incentives versus Country Factors in the Demand for Assurance Services by Private Entities. *Contemporary Accounting Research*, *28*(2), 487–516.","francis, j. r., khurana, i. k., martin, x., & pereira, r.2011",2011,Contemporary Accounting Research,2
Friedman2019,"Friedman, H. L. (2019). Investor preference for director characteristics: Portfolio choice with gender bias. *The Accounting Review*, *95*(5), 117–147.","friedman, h. l.2019",2019,The Accounting Review,1
Frost2006,"Frost, C. A., Gordon, E. A., & Hayes, A. F. (2006). Stock exchange disclosure and market development: An analysis of 50 international exchanges. *Journal of Accounting Research*, *44*(3), 437–483.","frost, c. a., gordon, e. a., & hayes, a. f.2006",2006,Journal of Accounting Research,1
Fung2017,"Fung, S. Y. K., Raman, K. K., & Zhu, X. (2017). Does the PCAOB international inspection program improve audit quality for non-US-listed foreign clients? *Journal of Accounting and Economics*, *64*(1), 15–36.","fung, s. y. k., raman, k. k., & zhu, x.2017",2017,Journal of Accounting and Economics,1
Gao2011b,"Gao, Y. (2011). The Sarbanes-Oxley act and the choice of bond market by foreign firms. *Journal of Accounting Research*, *49*(4), 933–968.","gao, y.2011",2011,Journal of Accounting Research,1
Ge2020,"Ge, W., Matsumoto, D., Wang, E. J., Zhang, J. L., & Thomas, W. B. (2020). The Price of Being Foreign: Stock Market Penalties Associated with Accounting Irregularities for U.S.‐Listed Foreign Firms. *Contemporary Accounting Research*, *37*(2), 1073–1106.","ge, w., matsumoto, d., wang, e. j., zhang, j. l., & thomas, w. b.2020",2020,Contemporary Accounting Research,3
Glaum2018,"Glaum, M., Landsman, W. R., & Wyrwa, S. (2018). Goodwill impairment: The effects of public enforcement and monitoring by institutional investors. *The Accounting Review*, *93*(6), 149–180.","glaum, m., landsman, w. r., & wyrwa, s.2018",2018,The Accounting Review,3
Godsell2017a,"Godsell, D., Welker, M., & Zhang, N. (2017). Earnings Management During Antidumping Investigations in Europe: Sample-Wide and Cross-Sectional Evidence. *Journal of Accounting Research*, *55*(2), 407–457.","godsell, d., welker, m., & zhang, n.2017",2017,Journal of Accounting Research,5
Godsell2022,"Godsell, D. (2022). Financial Reporting Consequences of Sovereign Wealth Fund Investment. *Contemporary Accounting Research*, *39*(3), 2090–2129.","godsell, d.2022",2022,Contemporary Accounting Research,1
Goncharov2014,"Goncharov, I., & Jacob, M. (2014). Why do countries mandate accrual accounting for tax purposes? *Journal of Accounting Research*, *52*(5), 1127–1163.","goncharov, i., & jacob, m.2014",2014,Journal of Accounting Research,2
Gong2013,"Gong, G., Ke, B., & Yu, Y. (2013). Home Country Investor Protection, Ownership Structure and Cross‐Listed Firms' Compliance with SOX‐Mandated Internal Control Deficiency Disclosures. *Contemporary Accounting Research*, *30*(4), 1490–1523.","gong, g., ke, b., & yu, y.2013",2013,Contemporary Accounting Research,2
Gopalan2012,"Gopalan, R., & Jayaraman, S. (2012). Private control benefits and earnings management: Evidence from insider controlled firms. *Journal of Accounting Research*, *50*(1), 117–157.","gopalan, r., & jayaraman, s.2012",2012,Journal of Accounting Research,1
Gordon2018,"Gordon, E. A., & Hsu, H. T. (2018). Tangible long-lived asset impairments and future operating cash flows under U.S. GAAP and IFRS. *The Accounting Review*, *93*(1), 187–211.","gordon, e. a., & hsu, h. t.2018",2018,The Accounting Review,2
Guan2020,"Guan, Y., Lobo, G. J., Tsang, A., & Xin, X. (2020). Societal trust and management earnings forecasts. *The Accounting Review*, *95*(5), 149–184.","guan, y., lobo, g. j., tsang, a., & xin, x.2020",2020,The Accounting Review,3
Guan2022,"Guan, Y., Wang, Z., Wong, M. H. F., & Xin, X. (2022). Language and Management Forecasts Around the World. *Contemporary Accounting Research*, *39*(1), 50–86.","guan, y., wang, z., wong, m. h. f., & xin, x.2022",2022,Contemporary Accounting Research,2
Guedhami2006,"Guedhami, O., & Pittman, J. A. (2006). Ownership concentration in privatized firms: The role of disclosure standards, auditor choice, and auditing infrastructure. *Journal of Accounting Research*, *44*(5), 889–929.","guedhami, o., & pittman, j. a.2006",2006,Journal of Accounting Research,3
Guedhami2009,"Guedhami, O., Pittman, J. A., & Saffar, W. (2009). Auditor choice in privatized firms: Empirical evidence on the role of state and foreign owners. *Journal of Accounting and Economics*, *48*(2-3), 151–171.","guedhami, o., pittman, j. a., & saffar, w.2009",2009,Journal of Accounting and Economics,2
Guedhami2014,"Guedhami, O., Pittman, J. A., & Saffar, W. (2014). Auditor choice in politically connected firms. *Journal of Accounting Research*, *52*(1), 107–162.","guedhami, o., pittman, j. a., & saffar, w.2014",2014,Journal of Accounting Research,7
Hail2006,"Hail, L., & Leuz, C. (2006). International differences in the cost of equity capital: Do legal institutions and securities regulation matter? *Journal of Accounting Research*, *44*(3), 485–531.","hail, l., & leuz, c.2006",2006,Journal of Accounting Research,3
Hail2014,"Hail, L., Tahoun, A., & Wang, C. (2014). Dividend Payouts and Information Shocks. *Journal of Accounting Research*, *52*(2), 403–456.","hail, l., tahoun, a., & wang, c.2014",2014,Journal of Accounting Research,1
Hail2018,"Hail, L., Tahoun, A., & Wang, C. (2018). Corporate Scandals and Regulation. *Journal of Accounting Research*, *56*(2), 617–671.","hail, l., tahoun, a., & wang, c.2018",2018,Journal of Accounting Research,2
Hallman2022,"Hallman, N. J., Schmidt, J. J., & Thompson, A. M. (2022). Audit Implications of Non-GAAP Reporting. *Journal of Accounting Research*, *60*(5), 1947–1989.","hallman, n. j., schmidt, j. j., & thompson, a. m.2022",2022,Journal of Accounting Research,2
Harris1999a,"Harris, M. S., & Muller, K. A. (1999). The market valuation of IAS versus US-GAAP accounting measures using Form 20-F reconciliations. *Journal of Accounting and Economics*, *26*(1-3), 285–312.","harris, m. s., & muller, k. a.1999",1999,Journal of Accounting and Economics,1
Haw2004,"Haw, I. M., Hu, B., Hwang, L.-S., & Wu, W. (2004). Ultimate ownership, income management, and legal and extra-legal institutions. *Journal of Accounting Research*, *42*(2), 423–462.","haw, i. m., hu, b., hwang, l.-s., & wu, w.2004",2004,Journal of Accounting Research,5
Haw2012,"Haw, I. M., Hu, B., Lee, J. J., & Wu, W. (2012). Investor protection and price informativeness about future earnings: International evidence. *Review of Accounting Studies*, *17*(2), 389–419.","haw, i. m., hu, b., lee, j. j., & wu, w.2012",2012,Review of Accounting Studies,4
He2022,"He, E., Jacob, M., Vashishtha, R., & Venkatachalam, M. (2022). Does differential taxation of short-term relative to long-term capital gains affect long-term investment? *Journal of Accounting and Economics*, *74*(1), 101479.","he, e., jacob, m., vashishtha, r., & venkatachalam, m.2022",2022,Journal of Accounting and Economics,1
He2016,"He, W., & Shan, Y. (2016). International Evidence on the Matching Between Revenues and Expenses. *Contemporary Accounting Research*, *33*(3), 1267–1297.","he, w., & shan, y.2016",2016,Contemporary Accounting Research,6
He2021,"He, Y., Li, B., Liu, Z., & Pittman, J. A. (2021). Does the Threat of a PCAOB Inspection Mitigate US Institutional Investors' Home Bias? *Contemporary Accounting Research*, *38*(4), 2622–2658.","he, y., li, b., liu, z., & pittman, j. a.2021",2021,Contemporary Accounting Research,2
Healy2016,"Healy, P. M., & Serafeim, G. (2016). An analysis of firms' self-reported anticorruption efforts. *The Accounting Review*, *91*(2), 489–511.","healy, p. m., & serafeim, g.2016",2016,The Accounting Review,4
Healy2014,"Healy, P. M., Serafeim, G., Srinivasan, S., & Yu, G. (2014). Market competition, earnings management, and persistence in accounting profitability around the world. *Review of Accounting Studies*, *19*(4), 1281–1308.","healy, p. m., serafeim, g., srinivasan, s., & yu, g.2014",2014,Review of Accounting Studies,4
Hong2014,"Hong, H. A., Hung, M., & Lobo, G. J. (2014). The impact of mandatory IFRS adoption on IPOs in global capital markets. *The Accounting Review*, *89*(4), 1365–1397.","hong, h. a., hung, m., & lobo, g. j.2014",2014,The Accounting Review,2
Hong2016,"Hong, H. A., Hung, M., & Zhang, J. (2016). The Use of Debt Covenants Worldwide: Institutional Determinants and Implications on Financial Reporting. *Contemporary Accounting Research*, *33*(2), 644–681.","hong, h. a., hung, m., & zhang, j.2016",2016,Contemporary Accounting Research,2
HONG2017,"Hong, H. A., Kim, J.-B., & Welker, M. (2017). Divergence of Cash Flow and Voting Rights, Opacity, and Stock Price Crash Risk: International Evidence. *Journal of Accounting Research*, *55*(5), 1167–1212.","hong, h. a., kim, j.-b., & welker, m.2017",2017,Journal of Accounting Research,2
Hong2013,"Hong, H. A. (2013). Does mandatory adoption of International Financial Reporting Standards decrease the voting premium for dual-class shares? *The Accounting Review*, *88*(4), 1289–1325.","hong, h. a.2013",2013,The Accounting Review,1
Hope2003a,"Hope, O.-K. (2003). Accounting Policy Disclosures and Analysts' Forecasts. *Contemporary Accounting Research*, *20*(2), 295–321.","hope, o.-k.2003",2003,Contemporary Accounting Research,4
Hope2003,"Hope, O.-K. (2003). Disclosure practices, enforcement of accounting standards, and analysts' forecast accuracy: An International study. *Journal of Accounting Research*, *41*(2), 235–272.","hope, o.-k.2003",2003,Journal of Accounting Research,4
Horton2013,"Horton, J., Serafeim, G., & Serafeim, I. (2013). Does Mandatory IFRS Adoption Improve the Information Environment? *Contemporary Accounting Research*, *30*(1), 388–423.","horton, j., serafeim, g., & serafeim, i.2013",2013,Contemporary Accounting Research,3
Hostak2013,"Hostak, P., Lys, T., Yang, Y. G., & Carr, E. (2013). An examination of the impact of the Sarbanes-Oxley Act on the attractiveness of U.S. capital markets for foreign firms. *Review of Accounting Studies*, *18*(2), 522–559.","hostak, p., lys, t., yang, y. g., & carr, e.2013",2013,Review of Accounting Studies,2
Houston2018,"Houston, J. F., Lee, J., & Suntheim, F. (2018). Social networks in the global banking sector. *Journal of Accounting and Economics*, *65*(2-3), 237–269.","houston, j. f., lee, j., & suntheim, f.2018",2018,Journal of Accounting and Economics,1
Huang2020,"Huang, J., Krull, L., & Ziedonis, R. (2020). R\&D Investments and Tax Incentives: The Role of Intra‐Firm Cross‐Border Collaboration. *Contemporary Accounting Research*, *37*(4), 2523–2557.","huang, j., krull, l., & ziedonis, r.2020",2020,Contemporary Accounting Research,4
Huffman2018,"Huffman, A. (2018). Asset use and the relevance of fair value measurement: evidence from IAS 41. *Review of Accounting Studies*, *23*(4), 1274–1314.","huffman, a.2018",2018,Review of Accounting Studies,1
Hung2022,"Hung, M., Kraft, P., Wang, S., & Yu, G. (2022). Market power and credit rating standards: Global evidence. *Journal of Accounting and Economics*, *73*(2-3), 101474.","hung, m., kraft, p., wang, s., & yu, g.2022",2022,Journal of Accounting and Economics,1
Hung2000,"Hung, M. (2000). Accounting standards and value relevance of financial statements: An international analysis. *Journal of Accounting and Economics*, *30*(3), 401–420.","hung, m.2000",2000,Journal of Accounting and Economics,2
Iliev2014,"Iliev, P., Miller, D. P., & Roth, L. (2014). Uninvited U.S. Investors? Economic Consequences of Involuntary Cross-Listings. *Journal of Accounting Research*, *52*(2), 473–519.","iliev, p., miller, d. p., & roth, l.2014",2014,Journal of Accounting Research,2
Ioannou2016,"Ioannou, I., Li, S. X., & Serafeim, G. (2016). The effect of target difficulty on target completion: The case of reducing carbon emissions. *The Accounting Review*, *91*(5), 1467–1492.","ioannou, i., li, s. x., & serafeim, g.2016",2016,The Accounting Review,1
Jacob2022,"Jacob, M., & Todtenhaupt, M. (2022). Withholding Taxes, Compliance Cost, and Foreign Portfolio Investment. *The Accounting Review*, *98*.","jacob, m., & todtenhaupt, m.2022",2022,The Accounting Review,2
Jayaraman2016,"Jayaraman, S., & Kothari, S. P. (2016). Cross-border financing by the industrial sector increases competition in the domestic banking sector. *The Accounting Review*, *91*(2), 535–558.","jayaraman, s., & kothari, s. p.2016",2016,The Accounting Review,2
Jayaraman2012,"Jayaraman, S. (2012). The effect of enforcement on timely loss recognition: Evidence from insider trading laws. *Journal of Accounting and Economics*, *53*(1-2), 77–97.","jayaraman, s.2012",2012,Journal of Accounting and Economics,4
Joos2017,"Joos, P. R., & Piotroski, J. D. (2017). The best of all possible worlds: unraveling target price optimism using analysts' scenario-based valuations. *Review of Accounting Studies*, *22*(4), 1492–1540.","joos, p. r., & piotroski, j. d.2017",2017,Review of Accounting Studies,2
Joshi2020a,"Joshi, P., Outslay, E., Persson, A., Shevlin, T., & Venkat, A. (2020). Does Public Country‐by‐Country Reporting Deter Tax Avoidance and Income Shifting? Evidence from the European Banking Industry. *Contemporary Accounting Research*, *37*(4), 2357–2397.","joshi, p., outslay, e., persson, a., shevlin, t., & venkat, a.2020",2020,Contemporary Accounting Research,2
Joshi2020,"Joshi, P. (2020). Does Private Country-by-Country Reporting Deter Tax Avoidance and Income Shifting? Evidence from BEPS Action Item 13. *Journal of Accounting Research*, *58*(2), 333–381.","joshi, p.2020",2020,Journal of Accounting Research,2
Kanagaretnam2014b,"Kanagaretnam, K., Lim, C. Y., & Lobo, G. J. (2014). Influence of national culture on accounting conservatism and risk-taking in the banking industry. *The Accounting Review*, *89*(3), 1115–1149.","kanagaretnam, k., lim, c. y., & lobo, g. j.2014",2014,The Accounting Review,4
Kemsley1998,"Kemsley, D. (1998). The Effect of Taxes on Production Location. *Journal of Accounting Research*, *36*(2), 321.","kemsley, d.1998",1998,Journal of Accounting Research,2
Kenchington2019,"Kenchington, D. G. (2019). Does a change in dividend tax rates in the U.S. affect equity prices of non-U.S. stocks? *Review of Accounting Studies*, *24*(2), 593–628.","kenchington, d. g.2019",2019,Review of Accounting Studies,2
Kerr2019a,"Kerr, J. N. (2019). Transparency, Information Shocks, and Tax Avoidance. *Contemporary Accounting Research*, *36*(2), 1146–1183.","kerr, j. n.2019",2019,Contemporary Accounting Research,3
Kerr2019,"Kerr, J. N. (2019). The value relevance of taxes: International evidence on the proxy for profitability role of tax surprise. *Journal of Accounting and Economics*, *67*(2-3), 297–305.","kerr, j. n.2019",2019,Journal of Accounting and Economics,2
Khanna2004,"Khanna, T., Palepu, K. G., & Srinivasan, S. (2004). Disclosure practices of foreign companies interacting with U.S. markets. *Journal of Accounting Research*, *42*(2), 475–508.","khanna, t., palepu, k. g., & srinivasan, s.2004",2004,Journal of Accounting Research,3
Kho2009,"Kho, B. C., Stulz, R. M., & Warnock, F. E. (2009). Financial globalization, governance, and the evolution of the home bias. *Journal of Accounting Research*, *47*(2), 597–635.","kho, b. c., stulz, r. m., & warnock, f. e.2009",2009,Journal of Accounting Research,2
Khurana2019,"Khurana, I. K., & Wang, W. (2019). International Mergers and Acquisitions Laws, the Market for Corporate Control, and Accounting Conservatism. *Journal of Accounting Research*, *57*(1), 241–290.","khurana, i. k., & wang, w.2019",2019,Journal of Accounting Research,1
Kim2022,"Kim, J., & Olbert, M. (2022). How does private firm disclosure affect demand for public firm equity? Evidence from the global equity market. *Journal of Accounting and Economics*, *74*(2-3), 101545.","kim, j., & olbert, m.2022",2022,Journal of Accounting and Economics,1
Kim2017a,"Kim, J., Kim, Y., & Zhou, J. (2017). Languages and earnings management. *Journal of Accounting and Economics*, *63*(2-3), 288–306.","kim, j., kim, y., & zhou, j.2017",2017,Journal of Accounting and Economics,2
Kim2012d,"Kim, J.-B., & Shi, H. (2012). IFRS reporting, firm-specific information flows, and institutional environments: International evidence. *Review of Accounting Studies*, *17*(3), 474–517.","kim, j.-b., & shi, h.2012",2012,Review of Accounting Studies,3
Kim2012,"Kim, J.-B., Liu, X., & Zheng, L. (2012). The impact of mandatory IFRS adoption on audit fees: Theory and evidence. *The Accounting Review*, *87*(6), 2061–2094.","kim, j.-b., liu, x., & zheng, l.2012",2012,The Accounting Review,4
Kim2011,"Kim, J.-B., Tsui, J. S.L., & Yi, C. H. (2011). The voluntary adoption of International Financial Reporting Standards and loan contracting around the world. *Review of Accounting Studies*, *16*(4), 779–811.","kim, j.-b., tsui, j. s.l., & yi, c. h.2011",2011,Review of Accounting Studies,4
Kini2009,"Kini, O., Mian, S., Rebello, M., & Venkateswaran, A. (2009). On the Structure of Analyst Research Portfolios and Forecast Accuracy. *Journal of Accounting Research*, *47*(4), 867–909.","kini, o., mian, s., rebello, m., & venkateswaran, a.2009",2009,Journal of Accounting Research,4
Kuo2016,"Kuo, N. T., & Lee, C. F. (2016). A potential benefit of increasing book–tax conformity: evidence from the reduction in audit fees. *Review of Accounting Studies*, *21*(4), 1287–1326.","kuo, n. t., & lee, c. f.2016",2016,Review of Accounting Studies,2
Lopez-Espinosa2021,"L\'opez-Espinosa, G., Ormazabal, G., & Sakasai, Y. (2021). Switching from Incurred to Expected Loan Loss Provisioning: Early Evidence. *Journal of Accounting Research*, *59*(3), 757–804.","l\'opez-espinosa, g., ormazabal, g., & sakasai, y.2021",2021,Journal of Accounting Research,2
Lamoreaux2020,"Lamoreaux, P. T., Mauler, L. M., & Newton, N. J. (2020). Audit Regulation and Cost of Equity Capital: Evidence from the PCAOB's International Inspection Regime. *Contemporary Accounting Research*, *37*(4), 2438–2471.","lamoreaux, p. t., mauler, l. m., & newton, n. j.2020",2020,Contemporary Accounting Research,2
Lamoreaux2015,"Lamoreaux, P. T., Michas, P. N., & Schultz, W. L. (2015). Do accounting and audit quality affect World Bank lending? *The Accounting Review*, *90*(2), 703–738.","lamoreaux, p. t., michas, p. n., & schultz, w. l.2015",2015,The Accounting Review,4
Lamoreaux2016,"Lamoreaux, P. T. (2016). Does PCAOB inspection access improve audit quality? An examination of foreign firms listed in the United States. *Journal of Accounting and Economics*, *61*(2-3), 313–337.","lamoreaux, p. t.2016",2016,Journal of Accounting and Economics,3
Landsman2012,"Landsman, W. R., Maydew, E. L., & Thornock, J. R. (2012). The information content of annual earnings announcements and mandatory adoption of IFRS. *Journal of Accounting and Economics*, *53*(1-2), 34–54.","landsman, w. r., maydew, e. l., & thornock, j. r.2012",2012,Journal of Accounting and Economics,1
Lang2011,"Lang, M. H., & Maffett, M. (2011). Transparency and liquidity uncertainty in crisis periods. *Journal of Accounting and Economics*, *52*(2-3), 101–125.","lang, m. h., & maffett, m.2011",2011,Journal of Accounting and Economics,12
Lang2015,"Lang, M. H., & Stice-Lawrence, L. (2015). Textual analysis and international financial reporting: Large sample evidence. *Journal of Accounting and Economics*, *60*(2-3), 110–135.","lang, m. h., & stice-lawrence, l.2015",2015,Journal of Accounting and Economics,27
Lang2012,"Lang, M. H., Lins, K. V., & Maffett, M. (2012). Transparency, Liquidity, and Valuation: International Evidence on When Transparency Matters Most. *Journal of Accounting Research*, *50*(3), 729–774.","lang, m. h., lins, k. v., & maffett, m.2012",2012,Journal of Accounting Research,6
Lang2003a,"Lang, M. H., Lins, K. V., & Miller, D. P. (2003). ADRs, Analysts, and Accuracy: Does Cross Listing in the United States Improve a Firm's Information Environment and Increase Market Value? *Journal of Accounting Research*, *41*(2), 317–345.","lang, m. h., lins, k. v., & miller, d. p.2003",2003,Journal of Accounting Research,4
Lang2004,"Lang, M. H., Lins, K. V., & Miller, D. P. (2004). Concentrated control, analyst following, and valuation: Do analysts matter most when investors are protected least? *Journal of Accounting Research*, *42*(3), 589–623.","lang, m. h., lins, k. v., & miller, d. p.2004",2004,Journal of Accounting Research,5
Lang2003,"Lang, M. H., Raedy, J. S., & Yetman, M. H. (2003). How representative are firms that are cross-listed in the United States? An analysis of accounting quality. *Journal of Accounting Research*, *41*(2), 363–386.","lang, m. h., raedy, j. s., & yetman, m. h.2003",2003,Journal of Accounting Research,3
Lang2006,"Lang, M. H., Smith Raedy, J., & Wilson, W. (2006). Earnings management and cross listing: Are reconciled earnings comparable to US earnings? *Journal of Accounting and Economics*, *42*(1-2), 255–283.","lang, m. h., smith raedy, j., & wilson, w.2006",2006,Journal of Accounting and Economics,1
Lau2016,"Lau, S. T., Shrestha, K., & Yu, J. (2016). Corporate Governance and the Information Content of Earnings Announcements: A Cross-Country Analysis. *Contemporary Accounting Research*, *33*(3), 1238–1266.","lau, s. t., shrestha, k., & yu, j.2016",2016,Contemporary Accounting Research,2
Law2022,"Law, K. K. F., & Mills, L. F. (2022). Taxes and Haven Activities: Evidence from Linguistic Cues. *The Accounting Review*, *97*(5), 349–375.","law, k. k. f., & mills, l. f.2022",2022,The Accounting Review,1
Lee2014,"Lee, E., Strong, N., & Zhu, Z. J. (2014). Did regulation fair disclosure, SOX, and Other analyst regulations reduce security mispricing? *Journal of Accounting Research*, *52*(3), 733–774.","lee, e., strong, n., & zhu, z. j.2014",2014,Journal of Accounting Research,2
Lee2020,"Lee, W., Pittman, J. A., & Saffar, W. (2020). Political Uncertainty and Cost Stickiness: Evidence from National Elections around the World. *Contemporary Accounting Research*, *37*(2), 1107–1139.","lee, w., pittman, j. a., & saffar, w.2020",2020,Contemporary Accounting Research,3
Lel2019,"Lel, U., & Miller, D. P. (2019). The labor market for directors and externalities in corporate governance: Evidence from the international labor market. *Journal of Accounting and Economics*, *68*(1), 101222.","lel, u., & miller, d. p.2019",2019,Journal of Accounting and Economics,2
Lewellen2021,"Lewellen, C., Mauler, L. M., & Watson, L. (2021). Tax Haven Incorporation and the Cost of Capital. *Contemporary Accounting Research*, *38*(4), 2982–3016.","lewellen, c., mauler, l. m., & watson, l.2021",2021,Contemporary Accounting Research,4
Li2021,"Li, B., Siciliano, G., & Venkatachalam, M. (2021). Economic Consequences of IFRS Adoption: The Role of Changes in Disclosure Quality. *Contemporary Accounting Research*, *38*(1), 129–179.","li, b., siciliano, g., & venkatachalam, m.2021",2021,Contemporary Accounting Research,3
Li2014a,"Li, N., Richardson, S., & Tuna, I. (2014). Macro to micro: Country exposures, firm fundamentals and stock returns. *Journal of Accounting and Economics*, *58*(1), 1–20.","li, n., richardson, s., & tuna, i.2014",2014,Journal of Accounting and Economics,2
Li2010,"Li, S. (2010). Does mandatory adoption of international financial reporting standards in the European Union Reduce the cost of equity capital? *The Accounting Review*, *85*(2), 607–636.","li, s.2010",2010,The Accounting Review,1
Li2016,"Li, X., & Yang, H. I. (2016). Mandatory financial reporting and voluntary disclosure: The effect of mandatory IFRS adoption on management forecasts. *The Accounting Review*, *91*(3), 933–953.","li, x., & yang, h. i.2016",2016,The Accounting Review,2
Li2021a,"Li, X., Ng, J., & Saffar, W. (2021). Financial Reporting and Trade Credit: Evidence from Mandatory IFRS Adoption. *Contemporary Accounting Research*, *38*(1), 96–128.","li, x., ng, j., & saffar, w.2021",2021,Contemporary Accounting Research,1
Li2014,"Li, X. (2014). The Sarbanes-Oxley act and cross-listed foreign private issuers. *Journal of Accounting and Economics*, *58*(1), 21–40.","li, x.2014",2014,Journal of Accounting and Economics,2
Liao2022,"Liao, C., Tsang, A., Wang, K. T., & Zhu, N. Z. (2022). Corporate Governance Reforms and Cross‐Listings: International Evidence. *Contemporary Accounting Research*, *39*(1), 537–576.","liao, c., tsang, a., wang, k. t., & zhu, n. z.2022",2022,Contemporary Accounting Research,4
Loureiro2015,"Loureiro, G., & Taboada, A. G. (2015). Do Improvements in the Information Environment Enhance Insiders' Ability to Learn from Outsiders? *Journal of Accounting Research*, *53*(4), 863–905.","loureiro, g., & taboada, a. g.2015",2015,Journal of Accounting Research,6
Lundholm2014,"Lundholm, R. J., Rogo, R., & Zhang, J. L. (2014). Restoring the tower of babel: How foreign firms communicate with U.S. Investors. *The Accounting Review*, *89*(4), 1453–1485.","lundholm, r. j., rogo, r., & zhang, j. l.2014",2014,The Accounting Review,12
Muller2015,"M\""uller, M. A., Riedl, E. J., & Sellhorn, T. (2015). Recognition versus Disclosure of Fair Values. *The Accounting Review*, *90*(6), 2411–2447.","m\""uller, m. a., riedl, e. j., & sellhorn, t.2015",2015,The Accounting Review,3
Maffett2022,"Maffett, M., Nakhmurina, A., & Skinner, D. J. (2022). Importing activists: Determinants and consequences of increased cross-border shareholder activism. *Journal of Accounting and Economics*, *74*(2-3), 101538.","maffett, m., nakhmurina, a., & skinner, d. j.2022",2022,Journal of Accounting and Economics,2
Maffett2012,"Maffett, M. (2012). Financial reporting opacity and informed trading by international institutional investors. *Journal of Accounting and Economics*, *54*(2-3), 201–220.","maffett, m.2012",2012,Journal of Accounting and Economics,1
Markle2020,"Markle, K. S., Mills, L. F., & Williams, B. M. (2020). Implicit corporate taxes and income shifting. *The Accounting Review*, *95*(3), 315–342.","markle, k. s., mills, l. f., & williams, b. m.2020",2020,The Accounting Review,3
Markle2016,"Markle, K. S. (2016). A Comparison of the Tax-Motivated Income Shifting of Multinationals in Territorial and Worldwide Countries. *Contemporary Accounting Research*, *33*(1), 7–43.","markle, k. s.2016",2016,Contemporary Accounting Research,2
Maso2020,"Maso, L. D., Lobo, G. J., Mazzi, F., & Paugam, L. (2020). Implications of the Joint Provision of CSR Assurance and Financial Audit for Auditors' Assessment of Going‐Concern Risk. *Contemporary Accounting Research*, *37*(2), 1248–1289.","maso, l. d., lobo, g. j., mazzi, f., & paugam, l.2020",2020,Contemporary Accounting Research,1
Mescall2018,"Mescall, D., & Klassen, K. J. (2018). How Does Transfer Pricing Risk Affect Premiums in Cross-Border Mergers and Acquisitions? *Contemporary Accounting Research*, *35*(2), 830–865.","mescall, d., & klassen, k. j.2018",2018,Contemporary Accounting Research,2
Michas2011,"Michas, P. N. (2011). The importance of audit profession development in emerging market countries. *The Accounting Review*, *86*(5), 1731–1764.","michas, p. n.2011",2011,The Accounting Review,2
Na2022,"Na, K., & Yan, W. (2022). Languages and corporate tax avoidance. *Review of Accounting Studies*, *27*(1), 148–184.","na, k., & yan, w.2022",2022,Review of Accounting Studies,1
Naughton2018,"Naughton, J. P., Rogo, R., Sunder, J., & Zhang, R. (2018). SEC monitoring of foreign firms' disclosures in the presence of foreign regulators. *Review of Accounting Studies*, *23*(4), 1355–1388.","naughton, j. p., rogo, r., sunder, j., & zhang, r.2018",2018,Review of Accounting Studies,2
Neel2017,"Neel, M. (2017). Accounting Comparability and Economic Outcomes of Mandatory IFRS Adoption. *Contemporary Accounting Research*, *34*(1), 658–690.","neel, m.2017",2017,Contemporary Accounting Research,12
Overesch2021,"Overesch, M., & Wolff, H. (2021). Financial Transparency to the Rescue: Effects of Public Country‐by‐Country Reporting in the European Union Banking Sector on Tax Avoidance. *Contemporary Accounting Research*, *38*(3), 1616–1642.","overesch, m., & wolff, h.2021",2021,Contemporary Accounting Research,1
Ozkan2012,"Ozkan, N., Singer, Z., & You, H. (2012). Mandatory IFRS Adoption and the Contractual Usefulness of Accounting Information in Executive Compensation. *Journal of Accounting Research*, *50*(4), 1077–1107.","ozkan, n., singer, z., & you, h.2012",2012,Journal of Accounting Research,4
Peek2010,"Peek, E., Cuijpers, R., & Buijink, W. (2010). Creditors' and Shareholders' Reporting Demands in Public Versus Private Firms: Evidence from Europe. *Contemporary Accounting Research*, *27*(1), 2–2.","peek, e., cuijpers, r., & buijink, w.2010",2010,Contemporary Accounting Research,3
Pincus2007,"Pincus, M., Rajgopal, S., & Venkatachalam, M. (2007). The Accrual Anomaly: International Evidence. *The Accounting Review*, *82*(1), 169–203.","pincus, m., rajgopal, s., & venkatachalam, m.2007",2007,The Accounting Review,1
Pownall2018,"Pownall, G., & Wieczynska, M. (2018). Deviations from the Mandatory Adoption of IFRS in the European Union: Implementation, Enforcement, Incentives, and Compliance. *Contemporary Accounting Research*, *35*(2), 1029–1066.","pownall, g., & wieczynska, m.2018",2018,Contemporary Accounting Research,3
Ramanna2014,"Ramanna, K., & Sletten, E. (2014). Network effects in countries' adoption of IFRS. *The Accounting Review*, *89*(4), 1517–1543.","ramanna, k., & sletten, e.2014",2014,The Accounting Review,1
Rauter2020,"Rauter, T. (2020). The Effect of Mandatory Extraction Payment Disclosures on Corporate Payment and Investment Policies Abroad. *Journal of Accounting Research*, *58*(5), 1075–1116.","rauter, t.2020",2020,Journal of Accounting Research,2
Simnett2009,"S\`imnett, R., Vanstraelen, A., & Chua, W. F. (2009). Assurance on sustainability reports: An international comparison. *The Accounting Review*, *84*(3), 937–967.","s\`imnett, r., vanstraelen, a., & chua, w. f.2009",2009,The Accounting Review,4
Serafeim2011,"Serafeim, G. (2011). Consequences and Institutional Determinants of Unregulated Corporate Financial Statements: Evidence from Embedded Value Reporting. *Journal of Accounting Research*, *49*(2), 529–571.","serafeim, g.2011",2011,Journal of Accounting Research,6
Shevlin2019,"Shevlin, T., Shivakumar, L., & Urcan, O. (2019). Macroeconomic effects of corporate tax policy. *Journal of Accounting and Economics*, *68*(1), 101233.","shevlin, t., shivakumar, l., & urcan, o.2019",2019,Journal of Accounting and Economics,3
Shi2013,"Shi, C., Pukthuanthong, K., & Walker, T. (2013). Does Disclosure Regulation Work? Evidence from International IPO Markets. *Contemporary Accounting Research*, *30*(1), 356–387.","shi, c., pukthuanthong, k., & walker, t.2013",2013,Contemporary Accounting Research,1
Shroff2014,"Shroff, N., Verdi, R. S., & Yu, G. (2014). Information environment and the investment decisions of multinational corporations. *The Accounting Review*, *89*(2), 759–790.","shroff, n., verdi, r. s., & yu, g.2014",2014,The Accounting Review,4
Shroff2019,"Shroff, N. (2019). Real effects of PCAOB international inspections. *The Accounting Review*, *95*(5), 399–433.","shroff, n.2019",2019,The Accounting Review,4
Silvers2016,"Silvers, R. (2016). The Valuation Impact of SEC Enforcement Actions on Nontarget Foreign Firms. *Journal of Accounting Research*, *54*(1), 187–234.","silvers, r.2016",2016,Journal of Accounting Research,1
Srivastav2017,"Srivastav, A., Keasey, K., Mollah, S., & Vallascas, F. (2017). CEO turnover in large banks: Does tail risk matter? *Journal of Accounting and Economics*, *64*(1), 37–55.","srivastav, a., keasey, k., mollah, s., & vallascas, f.2017",2017,Journal of Accounting and Economics,1
Tsang2019,"Tsang, A., Xie, F., & Xin, X. (2019). Foreign institutional investors and corporate voluntary disclosure around the world. *The Accounting Review*, *94*(5), 319–348.","tsang, a., xie, f., & xin, x.2019",2019,The Accounting Review,5
Wang2014,"Wang, C. (2014). Accounting standards harmonization and financial statement comparability: Evidence from transnational information transfer. *Journal of Accounting Research*, *52*(4), 955–992.","wang, c.2014",2014,Journal of Accounting Research,4
Wang2011,"Wang, S., & Welker, M. (2011). Timing Equity Issuance in Response to Information Asymmetry Arising from IFRS Adoption in Australia and Europe. *Journal of Accounting Research*, *49*(1), 257–307.","wang, s., & welker, m.2011",2011,Journal of Accounting Research,4
Williams2018,"Williams, B. M. (2018). Multinational tax incentives and offshored U.S. jobs. *The Accounting Review*, *93*(5), 293–324.","williams, b. m.2018",2018,The Accounting Review,4
Wu2019,"Wu, J. S., & Zhang, I. X. (2019). Mandatory IFRS Adoption and the Role of Accounting Earnings in CEO Turnover. *Contemporary Accounting Research*, *36*(1), 168–197.","wu, j. s., & zhang, i. x.2019",2019,Contemporary Accounting Research,6
Yip2012,"Yip, R. W.Y., & Young, D. (2012). Does mandatory IFRS adoption improve information comparability? *The Accounting Review*, *87*(5), 1767–1789.","yip, r. w.y., & young, d.2012",2012,The Accounting Review,1
Young2003,"Young, D., & Guenther, D. A. (2003). Financial Reporting Environments and International Capital Mobility. *Journal of Accounting Research*, *41*(3), 553–579.","young, d., & guenther, d. a.2003",2003,Journal of Accounting Research,1
Young2015,"Young, S., & Zeng, Y. (2015). Accounting Comparability and the Accuracy of Peer-Based Valuation Models. *The Accounting Review*, *90*(6), 2571–2601.","young, s., & zeng, y.2015",2015,The Accounting Review,1
Yu2014,"Yu, G., & Wahid, A. S. (2014). Accounting standards and international portfolio holdings. *The Accounting Review*, *89*(5), 1895–1930.","yu, g., & wahid, a. s.2014",2014,The Accounting Review,2
Zeng2022,"Zeng, W., Lillis, A. M., Grafton, J., & Dekker, H. C. (2022). The Influence of Institutional Differences on Control Mechanisms in Alliances. *The Accounting Review*, *97*(3), 415–441.","zeng, w., lillis, a. m., grafton, j., & dekker, h. c.2022",2022,The Accounting Review,1
Zhang2018,"Zhang, I. X., & Zhang, Y. (2018). Insider Trading Restrictions and Insiders' Supply of Information: Evidence from Earnings Smoothing. *Contemporary Accounting Research*, *35*(2), 898–929.","zhang, i. x., & zhang, y.2018",2018,Contemporary Accounting Research,2
Zhang2007,"Zhang, I. X. (2007). Economic consequences of the Sarbanes-Oxley Act of 2002. *Journal of Accounting and Economics*, *44*(1-2), 74–115.","zhang, i. x.2007",2007,Journal of Accounting and Economics,6
Zhong2018,"Zhong, R. (2018). Transparency and firm innovation. *Journal of Accounting and Economics*, *66*(1), 67–93.","zhong, r.2018",2018,Journal of Accounting and Economics,9
